title,body,preview
,"The First-Time {Niche} Playbook.
(Read this if you want to {Outcome1}, {Outcome2}, and {Outcome3}.)
{Write your thread here}","Beginner Playbook
Thread"
,"Over the past X amount of time, I have read X number of [specific genre].
99% of them weren't worth it.
Save yourself the time and just read/listen/follow these X üßµüëá
Book #1: Title
Most people misunderstand X.
This book teaches you Y.
[Link]
Book #2: Title
Most people misunderstand X.
This book teaches you Y.
[Link]
Book #3: Title
Most people misunderstand X.
This book teaches you Y.
[Link]
Book #4: Title
Most people misunderstand X.
This book teaches you Y.
[Link]
Book #5: Title
Most people misunderstand X.
This book teaches you Y.
[Link]
Book #6: Title
Most people misunderstand X.
This book teaches you Y.
[Link]
Book #7: Title
Most people misunderstand X.
This book teaches you Y.
[Link]
Book #8: Title
Most people misunderstand X.
This book teaches you Y.
[Link]
Book #9: Title
Most people misunderstand X.
This book teaches you Y.
[Link]
Book #10: Title
Most people misunderstand X.
This book teaches you Y.
[Link]
TL;DR: Out of X books, read these 10:
‚Ä¢ Title 1
‚Ä¢ Title 2
‚Ä¢ Title 3
‚Ä¢ Title 4
‚Ä¢ Title 5
‚Ä¢ Title 6
‚Ä¢ Title 7
‚Ä¢ title 8
‚Ä¢ Title 9
‚Ä¢ Title 10","The Book Curation Thread
Thread"
,"I asked {X} {Niche} leaders one simple question:
‚ÄúWhat early career mistake will you never make again?‚Äù
The result: {X} profound mistakes everyone (from intern to executive) should avoid in their career.
Let‚Äôs dive in:
Mistake 1: {Mistake1}
Too often, {Role} choose to {WrongDecision}.
Instead, {Role} should be focused on {RightDecision}.
This is what ends up making the biggest difference.
Mistake 2: {Mistake2}
A good {Role} can {GoodOutcome}.
A bad {Role} can {BadOutcome}.
But a legendary {Role} can {GiantOutcome}.
Mistake 3: {Mistake3}
Until you‚Äôve {Milestone}, don‚Äôt take your eye off the ball.
{‚ÄùRelevantQuote‚Äù}.
Mistake 4: {Mistake4}
Traditional wisdom says {TraditionalWisdom}.
But that‚Äôs only true if you don‚Äôt do two things correctly:
{RightDecision1}
{RightDecision2}
Then, {TraditionalWisdom} works great.
Mistake 5: {Mistake5}
We all think we can {Decision}.
Until we can‚Äôt.
Which is why it‚Äôs much better to {RightDecision} from the very beginning.","Career Mistakes
Thread"
,"I used to see the world the same as the 99%.
But since adopting these {X} contrarian views held by the top 1%, how I view {ReachTopic} has completely changed (and got me to {GiantOutcome}):
{Write your thread here}","Contrarian Views
Thread"
,"Over the past X years, I have [list 3 accomplishments/accolades of credibility].
What most people don‚Äôt know?
I use the same X [approaches, templates, techniques, strategies, etc.] every time.
üßµüëá
Template #1: One sentence
What‚Äôs the fastest way to achieve X?
Do Y.
Success here 100% comes down to:
‚Ä¢ Action step
‚Ä¢ Action step
‚Ä¢ Action step
‚Ä¢ Action step
Template #2: One sentence.
This is the formula I use over and over again:
‚ÄúX + Y = Z‚Äù
You can also apply this formula to:
‚Ä¢ Unconventional example
‚Ä¢ Unconventional example
‚Ä¢ Unconventional example
Template #3: One sentence.
People who succeed here do X.
So, here are a few easy ways you can do that.
‚Ä¢ Actionable advice
‚Ä¢ Actionable advice
‚Ä¢ Actionable advice
Template #4: One sentence.
The people who master their craft know something 99% of people don‚Äôt.
[Little-known strategy/mindset shift.]
The faster you can adopt this strategy/mindset shift, and abandon the old one (name what it is), the more like you will be to (list 3 benefits).
Template #5: One sentence.
Finally, this is the most important template of all.
All successful X can be reduced down to one thing:
[Name the thing.]
In order to do this, you must:
‚Ä¢ Action step
‚Ä¢ Action step
‚Ä¢ Action step
Voila. You‚Äôre now ‚Äúsuccessful!‚Äù
TL;DR - X templates that will help you [list 3 benefits]
‚Ä¢ Template #1
‚Ä¢ Template #2
‚Ä¢ Template #3
‚Ä¢ Template #4
‚Ä¢ Template #5
If you found this thread valuable:
1. Toss me a follow for more threads on X and Y ‚Üí @name
2. Here‚Äôs another similar thread you might enjoy: [link]","Credibility & Lessons
Thread"
,"2.5 billion blog posts are published each year.
But it‚Äôs impossible to read that much content.
So, ignore the 2,499,999,992 that aren‚Äôt worth your time.
And just read these 8:
{Write your thread here}","Curated Blog Posts
Thread"
,"The world‚Äôs most valuable skill:
{Skill}
But {Obstacle} keeps people from ever learning how to do it‚Äîand costs them roughly {Money} in the process.
So, here are {X} {Topic} frameworks that cost you nothing and will save you hundreds of painful hours:
1) {Name}‚Äôs {Topic} Framework
This completely changed the way I thought about {Topic}.
{LinkToThread}
2) {Name}‚Äôs {Topic} Framework
Hang this up in your room somewhere‚Äîand stare at it everyday.
{LinkToThread}
3) {Name}‚Äôs {Topic} Framework
I consider this the Bible of {Topic}.
{LinkToThread}
4) {Name}‚Äôs {Topic} Framework
Struggling with {Obstacle}?
Read this:
{LinkToThread}
5) {Name}‚Äôs {Topic} Framework
Finally, every {Audience} should read this:
{LinkToThread}","Curated Frameworks
Thread"
,"X person is best known for doing Y.
In [year / book / speech / etc.], he/she put together a masterclass on X topic.
These X [ideas / things / tips / lessons / etc.] will change the way you [list 3 benefits to the reader].
Here‚Äôs a breakdown of each one: üßµüëá
Tip #1: One sentence
What most people do/think.
What this expert says to do instead.
One quick sentence on why he/she says it works.
Tip #2: One sentence.
If you don‚Äôt do this, you will experience:
‚Ä¢ Pain point
‚Ä¢ Pain point
‚Ä¢ Pain point
One final sentence on the benefit you unlock when you fix it.
Tip #3: One sentence.
Why the author says this is so important.
It unlocks:
‚Ä¢ Benefit
‚Ä¢ Benefit
‚Ä¢ Benefit
Tip #4: One sentence.
The easiest way to do this?
One line of actionable advice.
For example, and then tell the reader a micro-story or moment where they can see this advice playing out.
Tip #5: One sentence.
Finally, this is the most important and underrated advice of all.
What separates people who [pain point] from people who [benefit], is they fundamentally understand how to practice X in their lives.
Don‚Äôt wait.
Start now.
TL;DR - X tips from @name that will change the way you [list 3 benefits]
‚Ä¢ Tip #1
‚Ä¢ Tip #2
‚Ä¢ Tip #3
‚Ä¢ Tip #4
‚Ä¢ Tip #5
If you found this thread valuable:
1. Toss me a follow for more threads on X and Y ‚Üí @name
2. Here‚Äôs another similar thread you might enjoy: [link]","Curated List
Thread"
,"The {Status} of {Topic}:
{Name}
Over {TimePeriod}, {Name} has {Achievement}.
So I binged over {X} {Assets} of theirs to study how exactly {Name} reached {Achievement}.
Here‚Äôs what I learned‚Äìbroken down in a simple {X}-step framework you can use to {Outcome}:
Some quick stats on {Name} if you're unfamiliar:
{AchievementStat1}
{AchievementStat2}
{AchievementStat3}
{AchievementStat4}
So... what can we learn?
{Name} creates {Assets} with this simple, 3-part framework:
1) {Step1}
2) {Step2}
3) {Step3}
Now, pair this framework with an unmatched work ethic and you get a potent combination for rapid growth.
Let's dig in:
For {Name}, everything begins with {Step1}.
The reason is because {Reason}.
To do this, {Name} does the following:
{Tactic1}
{Tactic2}
{Tactic3}
Simple, but highly effective.
The next thing {Name} focuses on is {Step2}.
They do this by {Tactic}, and sometimes even {Tactic}.
Which leads us to‚Ä¶
The real reason {Name} is so successful at {Outcome} is because they are obsessive about:
{Tactic}
{Tactic}
{Tactic}
This, combined with {Step1} and {Step2} is what makes them so successful.
So, let's recap what we've learned:
First, study {Step1}.
And remember to {DescriptionStep1}.
Second, study the art of {Step2}. Do this by:
1) {Tactic1}
2) {Tactic2}
3) {Tactic3}
And lastly, don't {Mistake}.
Instead, {Step 3}.
And don‚Äôt forget to {DescriptionStep3}.
Do the above, and maybe you will be the next {Status} of {Topic}!","Curated Takeaways
Thread"
,"I am an education junkie.
For example, I have watched over {X} hours watching nearly every TedTalk on the Internet.
Many are interesting. But only a few are worth your time.
Here is a list of my {X} favorites‚Äîthat will help you {Outcome1}, {Outcome2}, and {Outcome3}:
{Write your thread here}","Curated TedTalks
Thread"
,"{FamousPerson} once said:
{RelevantNicheQuote}
Lucky for you, {Niche} is a skill anyone can acquire.
Unfortunately, most people never learn it‚Äîbecause no one shows them where to start.
So here are {X} of the best {Niche} threads (so you can start learning today):
{Write your thread here}","Curated Twitter Threads
Thread"
,"If Twitter is a free University, then YouTube is a free Graduate Program.
Here are {X} YouTube channels you can follow to become a master of {Niche}‚Äîthat are so valuable they should charge $100,000+ for the information & insight they provide:
{Write your thread here}",Template
,"There are a zillion ways to waste time online.
(Everyone knows how to do that.)
But if you want to save time and accomplish 10x more, here are {X} {Tools} that will make your Internet time more productive:
{Write your thread here}","Don't Waste Time
Thread"
,"{Topic} 101
Over the past {X} years, I have {ShortCredibilityStatement}.
Want to know a secret?
I use the same {X}{Technique} every time üßµüëá
{Technique} #1: {Name}
How it works:
{Step1}
{Step2}
{Step3}
This simple {Technique} allows you to achieve {Outcome}.
{Technique} #2: {Name}
How it works:
{Step1}
{Step2}
{Step3}
Quick note: Don't do {WrongStep}.
That's a mistake. These steps work better.
{Technique} #3: {Name}
How it works:
Avoid doing {X}
Do {Y} instead
If you avoid {X} and do {Y}, you'll unlock {Z} outcome.
Easy, right?
{Technique} #4: {Name}
How it works:
{Step1}
{Step2}
{Step3}
Do these 3 things, and you'll be wildly successful.
{Technique} #5: {Name}
How it works:
{Tip1}
{Tip2}
{Tip3}
That's it!
To recap: use these 5 {Techniques} to accomplish {Outcome}.
{Technique1}
{Technique2}
{Technique3}
{Technique4}
{Technique5}","Expertise Secrets
Thread"
,"I started [doing X] when I was [Y years old].
Since then, I've...
‚Ä¢ Accomplishment #1
‚Ä¢ Accomplishment #2
‚Ä¢ Accomplishment #3
‚Ä¢ Accomplishment #4
If I had to do it all over again, here are 5 things I'd do differently.
Thing #1: Don't do X.
At the time, I thought [this] was a good idea.
It wasn't.
It led to [problem 1], [problem 2], [problem 3].
Instead, I would do Y.
Thing #2: Do X instead of Y.
I really thought X was going to give me [the result].
It didn't.
Instead, I would do Y. Because I learned much later that Y...
‚Ä¢ Does this
‚Ä¢ Does this
‚Ä¢ Does this
Thing #3: Do X, first.
One of my biggest mistakes was delaying X.
I shouldn't have.
If I had to do it all over again, I'd do X first. Because X is what unlocks:
‚Ä¢ Outcome
‚Ä¢ Outcome
‚Ä¢ Outcome
Thing #4: Don't do X.
At the time, everyone told me to do X.
Boy, were they wrong.
Not only was X a huge waste of time, but it ended up causing me [problems 1, 2, 3].
I probably would have achieved [goal] if I had just avoided X to begin with.
Thing #5: Always remember Y.
It has taken me many years to realize Y is what matters.
Don't pay attention to X.
Don't feel the need to listen to Z.
Just focus on Y and the rest takes care of itself.
TL;DR: 5 things I'd do differently to achieve [outcome], faster.
‚Ä¢ Thing 1
‚Ä¢ Thing 2
‚Ä¢ Thing 3
‚Ä¢ Thing 4
‚Ä¢ Thing 5","'If I Had To Do It Over Again' Thread
Thread"
,"{BookMainTitle}
{BookSubtitle}
Back in {Year}, legendary {StatusTitle} {Author} distilled his/her/their {X} years of wisdom into {X} pages.
And in this book, {He/She/They} shared a simple {X}-step process for {Outcome}.
Here‚Äôs the breakdown:
{Write your thread here}","Individual Book Breakdown
Thread"
,"The {Niche} industry is on fire.
Some stats:
1. {Stat1}
2. {Stat2}
3. {Stat3}
But it‚Äôs not until you break each of these stats down that you realize how quickly the {Niche} industry is really growing:
1. {Stat1}
This is an impressive stat at face value.
But what‚Äôs 10x more impressive is {SecondaryStat}.
That‚Äôs {X} times bigger than {ComparableIndustry}.
This is a signal of where things might be headed.
2. {Stat2}
The last time an industry saw growth like this, it was in {Date} when {Niche} was {Outcome}.
I‚Äôm betting the same thing will happen again here.
3. {Stat3}
As if the above wasn‚Äôt impressive enough, this stat is just mind-boggling.
To give you a sense of how big that is, that‚Äôs {EverydayComparison1}.
Or {EverydayComparison2}.
My guess?
{Niche} is going to eventually overtake {ComparableIndustry1} the same way {Niche} overtook {ComparableIndustry2}.
And at this rate, that will probably happen by {Date}.
What do you think? Do you agree? Disagree?
Let me know in the comments.","Industry Insights
Thread"
,"{X} lies you‚Äôve been told about {ReachTopic}:
{Write your thread here}","Lies You've Been Told
Thread"
,"{X} rules for a life {Outcome}:
1. {LifeRule1}
{ClarifyingStatement}
2. {LifeRule2}
{Description}
3. {LifeRule3}
{ClarifyingStatement}
4. {LifeRule4}
{Description}","Life Lessons
Thread"
,"{X} must-have {PopularPlatform/Topic} skills everyone should know:
{Write your thread here}","Must-Have Skills
Thread"
,"{Niche} 101
I have been studying {Niche} for the past X years.
In that time, I have:
{Outcome1}
{Outcome2}
{Outcome3}
Want to do the same?
Do these {X}{Tips}:
{Write your thread here}","Niche 101
Thread"
,"When I {OldLifeCompleted}, I {NewLifeBeginning}.
It was {NegativeDetail}.
{NegativeDetail}. {NegativeDetail}.
{X} years later, I just {LifeAchievement}.
Here‚Äôs what those difficult years taught me about {Topic}:
Lesson 1: {Lesson1}
Back then, I used to {PositiveHabit}.
Despite {NegativeObstacle}.
The only difference between then and now is {UnexpectedSmallDetail}.
Lesson 2: {Lesson2}
For the first few years, all I had was a {HumbleBeginning} and a {HumbleBeginning}.
Since then, I‚Äôve {PositiveOutcome}.
But can I tell you something?
Those two {HumbleBeginnings} still mean more to me than anything.
All you need.
Lesson 3: {Lesson3}
When I was first starting out, I was so determined to achieve {X} that I deprived myself of {ShortTermOutcome}.
Everyone thought I was crazy.
But, {X} years later, I had successfully become {Outcome}.
Meanwhile, a lot of people around me hadn‚Äôt moved at all.
Lesson 4: {Lesson4}
I used to be very insecure about {Weakness}.
I was ashamed that I didn‚Äôt have {Outcome}.
And I didn‚Äôt {PositiveAction} because of it.
It took me a long time to realize those insecurities were holding me back.
And no amount of success would fix them for me.
Lesson 5: {Lesson5}
After college, a lot of people around me said:
{WrongAdvice}
But then I‚Äôd watch them struggle to make progress in their own lives.
A big part of success is going in a different direction.
And remember: if it was easy, everyone would do it.","Personal Stories
Thread"
,"Mastering X unlocks Y.
Unfortunately, we don‚Äôt get taught how to do this.
For the past X years, I have been [explain what makes you a credible source of information on this topic].
Here are X pieces of advice that will help you [restate Y + 2-3 more benefits].
üßµüëá
Advice #1: One sentence.
When we‚Äôre first starting out, we think X matters.
It‚Äôs not until we fail multiple times that we start to think, ‚ÄúWhat, specifically?‚Äù
It took me X amount of time to realize X wasn‚Äôt what was impacting my growth.
Y was.
Focus on Y.
Advice #2: One sentence.
We are taught there are only 2 ways to solve X problem.
‚Ä¢ Do this
‚Ä¢ Do that
But as you continue on your journey, you‚Äôll learn that neither of these accomplishes your goal.
What you need to do is [3rd road].
Advice #3: One sentence
How do you overcome X if you‚Äôve never done Y?
A few things that helped me:
‚Ä¢ Action step
‚Ä¢ Action step
‚Ä¢ Action step
Advice #4: One sentence.
A quick story:
The hardest part of my journey was when X happened. I was experiencing [list 3 pain points].
Then, I met [credible person/].
They taught me X isn‚Äôt what matters. Y is.
As soon as I started focusing on Y, everything changed.
Advice #5: One sentence.
Change happens slow, and then all at once.
In the beginning, don‚Äôt be surprised if you experience [list 3 pain points].
This is part of the process.
The people who [list 3 benefits/rewards] had to go through that too.
And they have scars & war stories to prove it.
TL;DR - Advice for changing from X to Y
‚Ä¢ Advice #1
‚Ä¢ Advice #2
‚Ä¢ Advice #3
‚Ä¢ Advice #4
‚Ä¢ Advice #5
If you found this thread valuable:
1. Toss me a follow for more threads on X and Y ‚Üí @name
2. Here‚Äôs another similar thread you might enjoy: [link]","Personal Story + Advice
Thread"
,"Have you ever wondered how some people solve {Problem} without giving up {Benefit}?
Well, here‚Äôs the easy {X}-step framework they use:
{Write your thread here}","Step-By-Step Framework
Thread"
,"In [date], I experienced X problem.
Then, I did [something unconventional].
Here's the X-Step framework I use to achieve [highly desirable outcome]
üßµüëá
Step 1: (What is it?)
Most people think X.
Instead, I want you to think Y (opposite of X).
If you do this, here are the results you can expect to happen:
‚Ä¢ Result 1
‚Ä¢ Result 2
‚Ä¢ Result 3
Step 2: (What is it?)
Once you've done Step 1, here's the next problem you'll likely face.
Instead of doing X, I encourage you to do Y.
Why?
Because if you do Y, you will [what's the result/transformation?].
Step 3: (What is it?)
After you've successfully accomplished Steps 1 and 2, now it's time to do XYZ.
‚Ä¢ Do this
‚Ä¢ Then this
‚Ä¢ Then this
Step 4: (What is it?)
At this point, you're now ready to tackle obstacle X.
If you did Steps 1 - 3, this Step 4 should be easy.
Just don't forget:
‚Ä¢ Tip 1
‚Ä¢ Tip 2
‚Ä¢ Tip 3
Step 5: (What is it?)
That's it! Now it's time to [what's the last thing the reader needs to do?]
‚Ä¢ Tip 1
‚Ä¢ Tip 2
‚Ä¢ Tip 3
The reason this framework works so well is because XYZ.
So, don't fall into the trap of [doing what everyone usually does].
Do this instead.
TL;DR: The 5-Step Framework to accomplishing XYZ
‚Ä¢ Step 1
‚Ä¢ Step 2
‚Ä¢ Step 3
‚Ä¢ Step 4
‚Ä¢ Step 5","The Framework Thread
Thread"
,"While no one was looking, {ThoughtLeader} created {Creation}, {Description} {Status}.
Today, {Creation} is one of the world‚Äôs most {Achievement}.
Here‚Äôs {ThoughtLeader}‚Äôs story:
Quick backstory:
{ThoughtLeader} grew up in {Place}.
{Obstacle}
{WeirdFact}
The odds:
To say {ThoughtLeader} was setup for success from the beginning would be an overstatement.
The odds of success for {Comparison} are {Odds}.
And only {X%} make it to {FirstAccomplishment}.
The goal:
But {ThoughtLeader} had {His/Her/Their} sights set on {Goal}.
And for {Time}, they were relentless about {Habit1}, {Habit2}, {Habit3}.
The obstacle:
Unfortunately, success turned out to be a lot harder than they originally imagined.
{Obstacle1}
{Obstacle2}
{Obstacle3}
And by {Date}, they almost chose to give up.
The breakthrough:
Until one day, {MomentOfChange}.
As the story goes, {Story}.
And the rest is history.
The achievement:
Between {Date} and {Date}, {ThoughtLeader} went on to:
{Achievement1}
{Achievement2}
{Achievement3}
Maybe most importantly, they {Achievement4}.
The lesson:
I love {ThoughtLeader}‚Äôs story because it represents {LifeLesson}.
It reminds us of the power of {Habit1}, {Habit2}, and {Habit3}, compounded over time.
Because when we focus on the right things, where we‚Äôre headed is certain.
We just need the future to catch up.","Thought Leader Profiles
Thread"
,"The most {Status} {Person/Company} of the last {X} {Time}:
{Name}.
Back in {Date}, {Person/Company} shared their {X} rules for {Topic}.
And these rules are a must-read for {Audience1}, {Audience2}, and {Audience3} who want to {Outcome}.
Here‚Äôs the breakdown:
Rule #1: {Rule1}
What the audience cares about isn‚Äôt {Myth}.
It‚Äôs {RealAnswer}.
Don‚Äôt forget which one matters most.
Rule #2: {Rule2}
Most people who try to {Outcome} think {Myth}.
In actuality, it‚Äôs the opposite.
{RepeatRule2}
Rule #3: {Rule3}
It takes people a long time to learn this one.
Success is not about {WrongAnswer}.
Instead, it‚Äôs about practicing {Rule3} over and over again‚Äîuntil one day, you achieve {Outcome}.
Rule #4: {Rule4}
This one is my favorite.
Whether you are a {Audience1}, {Audience2}, or {Audience3}, this rule still applies.
And usually makes all the difference.
Rule #5: {Rule5}
This is true for most things in life.
Your goal should not be to {WrongOutcome}.
Instead, you should be more concerned with {RightOutcome}.
Then, and only then, will you follow in the footsteps of the most {Status} {Person/Company} ever.","Timeless Frameworks
Thread"
,"I am obsessed with learning about {ReachTopic}.
So I went and devoured {X} years of {FamousPerson} advice.
The result?
I walked away with {X} timeless principles from the greatest {FamousPersonStatus} in the world.
Here are the golden takeaways:
{Write your thread here}","Timeless Wisdom
Thread"
,"{X} hidden {Platform} features guaranteed to {Outcome}:
{Feature1}
{Description}
{Feature2}
{Description}
{Feature3}
{Description}
{Feature4}
{Description}
{Feature5}
{Description}","Tools Curation
Thread"
,"Origin story: when I was X, I was stuck, experiencing:
‚Ä¢ Pain point #1
‚Ä¢ Pain point #2
‚Ä¢ Pain point #3
Y years later, I‚Äôm here now.
One sentence of what‚Äôs different now.
Here‚Äôs what this journey taught me about [topic]
üßµüëá
Lesson #1: One sentence.
Quick story of what life was like ‚Äúback then.‚Äù
Quick story of what life is like ‚Äúnow.‚Äù
The only difference between the two is XYZ.
Lesson #2: One sentence.
Quick story of what life was like ‚Äúback then.‚Äù
Quick story of what life is like ‚Äúnow.‚Äù
The only difference between the two is XYZ.
Lesson #3: One sentence
Quick story of what life was like ‚Äúback then.‚Äù
Quick story of what life is like ‚Äúnow.‚Äù
The only difference between the two is XYZ.
Lesson #4: One sentence.
Quick story of what life was like ‚Äúback then.‚Äù
Quick story of what life is like ‚Äúnow.‚Äù
The only difference between the two is XYZ.
Lesson #5: One sentence.
Quick story of what life was like ‚Äúback then.‚Äù
Quick story of what life is like ‚Äúnow.‚Äù
The only difference between the two is XYZ.
TL;DR - X lessons I learned changing from X to Y
‚Ä¢ Lesson #1
‚Ä¢ Lesson #2
‚Ä¢ Lesson #3
‚Ä¢ Lesson #4
‚Ä¢ Lesson #5
If you found this thread valuable:
1. Toss me a follow for more threads on X and Y ‚Üí @name
2. Here‚Äôs another similar thread you might enjoy: [link]","Transformation Story
Thread"
,"I have been in {Niche} for {X} years.
Most people think ‚Äúsuccess‚Äù in {Niche} means {Definition}.
And sure, that‚Äôs true.
But here are {X} unexpected outcomes I ended up experiencing that I value way more:
{Write your thread here}","Unexpected Outcomes
Thread"
,"A few controversial things I believe about {Topic}:
1) {StrongOpinion1}
I‚Äôm not saying {SubtleDistinction}.
I‚Äôm just saying {ClarifyingStatement}.
2) {StrongOpinion2}
Contrary to popular belief, {ClicheAction} is a myth.
{FailureExample1}
{FailureExample2}
{FailureExample3}
{ClicheAction} is a fast-track to {UndesirableOutcome}.
3) {StrongOpinion3}
‚ÄúMost people‚Äù do what ‚Äúmost people‚Äù do.
Which leads to‚Ä¶
{NegativeStat1}
{NegativeStat2}
{NegativeStat3}
Clearly what ‚Äúmost people do‚Äù doesn‚Äôt work.
So do something else.
4) {StrongOpinion4}
99% of the time, this is a giant mistake.
Instead, {Name} has a great framework for achieving {Outcome} without falling into {Trap}.
{Step1}
{Step2}
{Step3}
5) {StrongOpinion5}
Pursuing {Outcome} is a silly goal.
Because {UnconventionalReason}.
{DifferentOutcome} is a better pursuit in life.
{Benefit1}
{Benefit2}
{Benefit3}","Viral Opinions
Thread"
,"{Person/Company} has officially reached {GiantOutcome}.
Here‚Äôs what you probably don‚Äôt know:
When {Person/Company} first started back in {Date}, they had {NoOutcome}. But just a few {Time} later, they {FirstBigOutcome}.
How did this happen? {Twist}
Here‚Äôs the story:
{Person/Company}‚Äôs story begins in {Date}, {SpecificDetail}.
{UnexpectedAnecdote}.
While there, {Person} wasn‚Äôt even trying to {Outcome}.
For a while, {Name} tried to find success doing random things:
{Experience1}
{Experience2}
{Experience3}
Until one day, everything changed.
{MomentOfChange}.
It was {Date} and {Name} became the first {Status}.
They saw this as an opportunity‚Äîand took it.
Their gameplan:
{Tactic1}
{Tactic2}
{Tactic}
As you can probably guess: it worked.
By {Date}, {Person} had risen to a wild level of success‚Äîway beyond they probably ever thought possible for themselves.
{Outcome1}
{Outcome2}
{Outcome3}
And the rest is history.
I love this story because it is the perfect encapsulation of what it takes to achieve {Outcome}, but also shows how in order to be ‚Äúlucky,‚Äù you need to put yourself in a position to receive luck.
Great reminder for anyone with big dreams.","Wild Unknown Stories
Thread"
,"{X} years ago, I didn‚Äôt know anything about {Niche}.
Today, I am {Achievement}.
Here are {X} unforgettable lessons I‚Äôve learned about {Topic}:
{Write your thread here}","Zero to Niche Hero
Thread"
